epoch,train_loss,val_loss,train_acc,val_acc,epoch_time,lr
1,0.6135394859313965,0.5575131177902222,0.69375,0.825,28.545021533966064,5e-06
2,0.3429479908943176,0.5416097640991211,0.85796875,0.865,28.57667350769043,1e-05
3,0.26226514935493467,0.33277320861816406,0.89609375,0.885,28.560242176055908,9.444444444444445e-06
4,0.20429511547088622,0.30636847019195557,0.925625,0.895,28.57456660270691,8.888888888888888e-06
5,0.16434581816196442,0.2884680926799774,0.940625,0.885,28.53257656097412,8.333333333333334e-06
6,0.1177161192893982,0.2692829966545105,0.96125,0.875,28.51011562347412,7.77777777777778e-06
7,0.0863190695643425,0.27285662293434143,0.97296875,0.88,28.490105628967285,7.222222222222223e-06
8,0.06867913424968719,0.3970568776130676,0.98,0.875,28.46486258506775,6.666666666666667e-06
9,0.05564997561275959,0.3996409475803375,0.9859375,0.885,28.460716009140015,6.111111111111112e-06
10,0.04491114385426045,0.5672053098678589,0.989375,0.88,28.504478931427002,5.555555555555557e-06
11,0.049699791744351386,0.5121895670890808,0.9875,0.865,28.466956615447998,5e-06
12,0.03692634969949722,0.6524656414985657,0.99125,0.86,28.49132466316223,4.444444444444444e-06
13,0.03439828716218472,0.43662410974502563,0.99234375,0.865,28.44939088821411,3.88888888888889e-06
14,0.02884005904197693,0.19902807474136353,0.994375,0.865,28.496798992156982,3.3333333333333333e-06
15,0.025135422348976134,0.1549483686685562,0.995,0.885,28.47482180595398,2.7777777777777783e-06
16,0.02345084860920906,0.39536648988723755,0.995,0.88,28.492191314697266,2.222222222222222e-06
17,0.023029196560382843,0.6329073905944824,0.995625,0.875,28.485125303268433,1.6666666666666667e-06
18,0.020289710387587548,0.463625431060791,0.99625,0.875,28.489369869232178,1.111111111111111e-06
19,0.025227186791598796,0.40290340781211853,0.9953125,0.88,28.504849195480347,5.555555555555555e-07
20,0.016986281797289848,0.4077865481376648,0.9971875,0.875,28.467010498046875,0.0
