Scheduler,Best Val Acc,Avg Val Acc,Final Val Loss,Avg Val Loss,Best Train Acc,Avg Train Acc,Total Time (s),Avg Epoch Time (s)
constant_lr1e5,0.9,0.8782,0.6977,0.7697,0.9973,0.9687,563.95,28.2
constant,0.92,0.892,0.1413,0.6418,0.9978,0.9757,536.76,26.84
constant_lr4e5,0.915,0.8908,0.1015,0.6249,0.9989,0.9803,565.1,28.26
constant_then_linear_lr1e5,0.895,0.8832,1.3099,1.0185,0.997,0.9696,570.05,28.5
constant_then_linear,0.905,0.8895,0.8673,0.7863,0.9989,0.9778,530.43,26.52
constant_then_linear_lr4e5,0.91,0.8925,0.6599,0.4743,0.9998,0.9833,567.12,28.36
constant_then_cosine_lr1e5,0.89,0.8748,0.5899,0.5394,0.998,0.971,570.09,28.5
constant_then_cosine,0.9,0.886,0.9228,0.7514,0.9995,0.9785,527.33,26.37
constant_then_cosine_lr4e5,0.91,0.893,0.0859,0.4638,0.9995,0.9827,566.22,28.31
linear_then_constant_lr1e5,0.9,0.877,1.3425,0.8119,0.997,0.9562,569.78,28.49
linear_then_constant,0.89,0.8768,0.7831,0.703,0.9972,0.9673,533.99,26.7
linear_then_constant_lr4e5,0.935,0.8978,0.4847,0.3537,0.9991,0.9745,564.76,28.24
linear_lr1e5,0.895,0.8738,0.4078,0.4095,0.9972,0.9572,570.04,28.5
linear,0.905,0.8928,0.1007,0.3378,0.9989,0.9689,532.69,26.63
linear_lr4e5,0.905,0.8895,0.822,0.6054,0.9997,0.9761,567.36,28.37
cosine_lr1e5,0.89,0.877,0.9448,0.868,0.9969,0.9593,570.42,28.52
cosine,0.915,0.896,0.4711,0.3948,0.9991,0.9709,533.04,26.65
cosine_lr4e5,0.905,0.8845,0.986,0.7948,1.0,0.9763,565.21,28.26
