name,epochs,best_val_acc,best_epoch,final_val_loss,min_val_loss,best_train_acc,final_train_acc,total_time_s
constant,20,0.92,15,0.14133521914482117,0.04221578314900398,0.9978125,0.9959375,536.7601079940796
constant_lr1e5,20,0.9,11,0.6976882219314575,0.18959970772266388,0.99734375,0.99734375,563.9528934955597
constant_lr4e5,20,0.915,12,0.10154534876346588,0.10154534876346588,0.99890625,0.99890625,565.1023955345154
constant_then_cosine,20,0.9,2,0.9228309392929077,0.18753701448440552,0.99953125,0.99953125,527.3309164047241
constant_then_cosine_lr1e5,20,0.89,2,0.5899325609207153,0.2791297435760498,0.99796875,0.99765625,570.0947968959808
constant_then_cosine_lr4e5,20,0.91,15,0.08592194318771362,0.0113222049549222,0.99953125,0.99953125,566.2151861190796
constant_then_cosine_warm20,20,0.915,13,0.007206765003502369,0.0036289296112954617,0.99921875,0.99796875,569.8267273902893
constant_then_linear,20,0.905,12,0.8673024773597717,0.37308332324028015,0.99890625,0.99859375,530.4348814487457
constant_then_linear_lr1e5,20,0.895,3,1.3098821640014648,0.620516300201416,0.99703125,0.99703125,570.0452585220337
constant_then_linear_lr4e5,20,0.91,2,0.6598801016807556,0.1669330596923828,0.99984375,0.999375,567.1217269897461
constant_then_linear_warm20,20,0.9,17,0.2197478860616684,0.018807101994752884,0.9990625,0.9990625,556.2790114879608
constant_warm0,20,0.905,5,0.7100052237510681,0.09417400509119034,0.99765625,0.99546875,553.028217792511
cosine,20,0.915,10,0.4710533618927002,0.02435816079378128,0.9990625,0.99859375,533.0408983230591
cosine_lr1e5,20,0.89,12,0.9448334574699402,0.6083692312240601,0.996875,0.99640625,570.4150323867798
cosine_lr4e5,20,0.905,4,0.9859858155250549,0.26152968406677246,1.0,1.0,565.2058737277985
cosine_warm0,20,0.905,7,0.9829016923904419,0.5259019136428833,0.9990625,0.9984375,555.1937754154205
cosine_warm20,20,0.9,10,0.8480268120765686,0.5363232493400574,0.99875,0.9984375,571.6943521499634
linear,20,0.905,5,0.10069839656352997,0.004497552756220102,0.99890625,0.99875,532.6890652179718
linear_lr1e5,20,0.895,4,0.4077865481376648,0.1549483686685562,0.9971875,0.9971875,570.03719830513
linear_lr4e5,20,0.905,13,0.8220024108886719,0.06489117443561554,0.9996875,0.9996875,567.3617775440216
linear_then_constant,20,0.89,3,0.7830828428268433,0.12434651702642441,0.9971875,0.991875,533.987521648407
linear_then_constant_lr1e5,20,0.9,2,1.3425016403198242,0.42689257860183716,0.99703125,0.99453125,569.7754464149475
linear_then_constant_lr4e5,20,0.935,12,0.4846513271331787,0.001842285506427288,0.9990625,0.9990625,564.7570188045502
linear_then_constant_warm20,20,0.905,18,0.1790889948606491,0.16497455537319183,0.99765625,0.9971875,580.6314642429352
linear_then_cosine_warm20,20,0.9,5,0.5874720215797424,0.1317751407623291,0.99921875,0.99921875,571.2254550457001
linear_warm0,20,0.895,6,0.8414350152015686,0.41794267296791077,0.999375,0.99875,562.1426339149475
linear_warm20,20,0.9,4,0.4170527458190918,0.10061994194984436,0.999375,0.999375,576.6607489585876
