step,epoch,lr
0,0,1.999999499492699e-05
10,0,1.9999394392227565e-05
20,0,1.9997792843813787e-05
30,0,1.9995190510001662e-05
40,0,1.999158765128645e-05
50,0,1.99869846283166e-05
60,0,1.998138190185762e-05
70,0,1.9974780032745985e-05
80,0,1.9967179681832967e-05
90,0,1.995858160991852e-05
100,0,1.994898667767508e-05
110,0,1.993839584556145e-05
120,0,1.992681017372663e-05
130,0,1.9914230821903718e-05
140,0,1.9900659049293796e-05
150,0,1.9886096214439904e-05
160,1,1.9870543775091037e-05
170,1,1.9854003288056232e-05
180,1,1.9836476409048714e-05
190,1,1.9817964892520182e-05
200,1,1.9798470591485172e-05
210,1,1.977799545733556e-05
220,1,1.975654153964526e-05
230,1,1.9734110985965014e-05
240,1,1.9710706041607465e-05
250,1,1.968632904942237e-05
260,1,1.9660982449562097e-05
270,1,1.963466877923734e-05
280,1,1.9607390672463188e-05
290,1,1.95791508597954e-05
300,1,1.954995216805712e-05
310,1,1.9519797520055893e-05
320,2,1.948868993429109e-05
330,2,1.945663252465175e-05
340,2,1.94236285001049e-05
350,2,1.9389681164374302e-05
360,2,1.9354793915609775e-05
370,2,1.9318970246047025e-05
380,2,1.928221374165807e-05
390,2,1.9244528081792295e-05
400,2,1.9205917038808124e-05
410,2,1.9166384477695425e-05
420,2,1.9125934355688615e-05
430,2,1.9084570721870536e-05
440,2,1.9042297716767145e-05
450,2,1.8999119571933032e-05
460,2,1.8955040609527857e-05
470,2,1.891006524188368e-05
480,3,1.8864197971063304e-05
490,3,1.88174433884096e-05
500,3,1.8769806174085915e-05
510,3,1.8721291096607582e-05
520,3,1.8671903012364602e-05
530,3,1.8621646865135495e-05
540,3,1.8570527685592447e-05
550,3,1.8518550590797718e-05
560,3,1.8465720783691427e-05
570,3,1.8412043552570742e-05
580,3,1.8357524270560505e-05
590,3,1.8302168395075392e-05
600,3,1.8245981467273615e-05
610,3,1.8188969111502245e-05
620,3,1.8131137034734213e-05
630,4,1.8072491025997053e-05
640,4,1.8013036955793398e-05
650,4,1.7952780775513345e-05
660,4,1.789172851683872e-05
670,4,1.7829886291139297e-05
680,4,1.7767260288861046e-05
690,4,1.770385677890649e-05
700,4,1.7639682108007137e-05
710,4,1.7574742700088212e-05
720,4,1.750904505562559e-05
730,4,1.744259575099511e-05
740,4,1.7375401437814267e-05
750,4,1.730746884227639e-05
760,4,1.7238804764477324e-05
770,4,1.7169416077734774e-05
780,4,1.7099309727900242e-05
790,5,1.702849273266377e-05
800,5,1.695697218085145e-05
810,5,1.6884755231715832e-05
820,5,1.6811849114219287e-05
830,5,1.6738261126310368e-05
840,5,1.6663998634193283e-05
850,5,1.658906907159056e-05
860,5,1.651347993899888e-05
870,5,1.6437238802938316e-05
880,5,1.636035329519489e-05
890,5,1.6282831112056646e-05
900,5,1.6204680013543236e-05
910,5,1.6125907822629135e-05
920,5,1.6046522424460563e-05
930,5,1.5966531765566177e-05
940,5,1.588594385306162e-05
950,6,1.5804766753847988e-05
960,6,1.572300859380435e-05
970,6,1.5640677556974332e-05
980,6,1.555778188474688e-05
990,6,1.547432987503131e-05
1000,6,1.5390329881426673e-05
1010,6,1.530579031238555e-05
1020,6,1.5220719630372363e-05
1030,6,1.5135126351016287e-05
1040,6,1.5049019042258817e-05
1050,6,1.4962406323496122e-05
1060,6,1.4875296864716222e-05
1070,6,1.4787699385631137e-05
1080,6,1.4699622654804027e-05
1090,6,1.4611075488771453e-05
1100,7,1.4522066751160838e-05
1110,7,1.4432605351803215e-05
1120,7,1.4342700245841346e-05
1130,7,1.4252360432833297e-05
1140,7,1.4161594955851592e-05
1150,7,1.4070412900577984e-05
1160,7,1.3978823394393985e-05
1170,7,1.3886835605467195e-05
1180,7,1.3794458741833566e-05
1190,7,1.3701702050475678e-05
1200,7,1.3608574816397112e-05
1210,7,1.3515086361693001e-05
1220,7,1.3421246044616902e-05
1230,7,1.3327063258644004e-05
1240,7,1.3232547431530867e-05
1250,7,1.313770802437166e-05
1260,8,1.304255453065114e-05
1270,8,1.2947096475294316e-05
1280,8,1.2851343413713012e-05
1290,8,1.2755304930849358e-05
1300,8,1.2658990640216344e-05
1310,8,1.2562410182935489e-05
1320,8,1.246557322677176e-05
1330,8,1.2368489465165822e-05
1340,8,1.2271168616263725e-05
1350,8,1.2173620421944112e-05
1360,8,1.2075854646843039e-05
1370,8,1.197788107737654e-05
1380,8,1.1879709520760996e-05
1390,8,1.1781349804031422e-05
1400,8,1.1682811773057787e-05
1410,8,1.1584105291559427e-05
1420,9,1.1485240240117678e-05
1430,9,1.1386226515186839e-05
1440,9,1.1287074028103499e-05
1450,9,1.1187792704094451e-05
1460,9,1.1088392481283128e-05
1470,9,1.098888330969481e-05
1480,9,1.088927515026063e-05
1490,9,1.0789577973820457e-05
1500,9,1.068980176012482e-05
1510,9,1.0589956496835935e-05
1520,9,1.0490052178527915e-05
1530,9,1.0390098805686317e-05
1540,9,1.0290106383707106e-05
1550,9,1.019008492189507e-05
1560,9,1.0090044432461914e-05
1570,10,9.989994929524017e-06
1580,10,9.88994642810001e-06
1590,10,9.789908943108286e-06
1600,10,9.689892488364467e-06
1610,10,9.589907075579051e-06
1620,10,9.489962713355209e-06
1630,10,9.390069406186925e-06
1640,10,9.290237153457536e-06
1650,10,9.190475948438798e-06
1660,10,9.09079577729054e-06
1670,10,8.991206618061057e-06
1680,10,8.891718439688287e-06
1690,10,8.792341201001915e-06
1700,10,8.69308484972651e-06
1710,10,8.593959321485718e-06
1720,10,8.49497453880772e-06
1730,11,8.396140410131988e-06
1740,11,8.297466828817416e-06
1750,11,8.198963672152022e-06
1760,11,8.100640800364194e-06
1770,11,8.0025080556357e-06
1780,11,7.904575261116463e-06
1790,11,7.806852219941266e-06
1800,11,7.709348714248446e-06
1810,11,7.612074504200708e-06
1820,11,7.515039327008108e-06
1830,11,7.418252895953363e-06
1840,11,7.321724899419551e-06
1850,11,7.225464999920279e-06
1860,11,7.129482833132486e-06
1870,11,7.033788006931879e-06
1880,11,6.938390100431192e-06
1890,12,6.843298663021314e-06
1900,12,6.748523213415377e-06
1910,12,6.654073238695938e-06
1920,12,6.559958193365312e-06
1930,12,6.466187498399165e-06
1940,12,6.372770540303486e-06
1950,12,6.279716670174961e-06
1960,12,6.18703520276495e-06
1970,12,6.09473541554707e-06
1980,12,6.0028265477885015e-06
1990,12,5.911317799625134e-06
2000,12,5.820218331140651e-06
2010,12,5.729537261449562e-06
2020,12,5.639283667784399e-06
2030,12,5.5494665845870776e-06
2040,12,5.460095002604533e-06
2050,13,5.371177867988747e-06
2060,13,5.282724081401233e-06
2070,13,5.194742497122072e-06
2080,13,5.107241922163601e-06
2090,13,5.020231115388812e-06
2100,13,4.9337187866345895e-06
2110,13,4.847713595839865e-06
2120,13,4.762224152178726e-06
2130,13,4.677259013198649e-06
2140,13,4.5928266839638835e-06
2150,13,4.508935616204076e-06
2160,13,4.425594207468273e-06
2170,13,4.342810800284289e-06
2180,13,4.260593681323634e-06
2190,13,4.178951080572015e-06
2200,14,4.097891170505493e-06
2210,14,4.0174220652724225e-06
2220,14,3.937551819881231e-06
2230,14,3.858288429394085e-06
2240,14,3.7796398281265936e-06
2250,14,3.7016138888535757e-06
2260,14,3.6242184220209874e-06
2270,14,3.5474611749641042e-06
2280,14,3.471349831131986e-06
2290,14,3.3958920093183735e-06
2300,14,3.3210952628990465e-06
2310,14,3.24696707907571e-06
2320,14,3.1735148781265333e-06
2330,14,3.1007460126633715e-06
2340,14,3.02866776689576e-06
2350,14,2.9572873559017767e-06
2360,15,2.8866119249057866e-06
2370,15,2.816648548563209e-06
2380,15,2.747404230252352e-06
2390,15,2.678885901373349e-06
2400,15,2.611100420654331e-06
2410,15,2.5440545734648735e-06
2420,15,2.4777550711367594e-06
2430,15,2.4122085502921767e-06
2440,15,2.3474215721793957e-06
2450,15,2.283400622015971e-06
2460,15,2.2201521083395826e-06
2470,15,2.1576823623665233e-06
2480,15,2.095997637357944e-06
2490,15,2.035104107993905e-06
2500,15,1.9750078697552766e-06
2510,15,1.9157149383135855e-06
2520,16,1.8572312489288358e-06
2530,16,1.7995626558553881e-06
2540,16,1.7427149317559533e-06
2550,16,1.6866937671237327e-06
2560,16,1.6315047697127962e-06
2570,16,1.5771534639767583e-06
2580,16,1.5236452905157584e-06
2590,16,1.4709856055318617e-06
2600,16,1.4191796802929047e-06
2610,16,1.3682327006048257e-06
2620,16,1.3181497662925724e-06
2630,16,1.2689358906896021e-06
2640,16,1.220596000136045e-06
2650,16,1.1731349334855746e-06
2660,16,1.126557441621029e-06
2670,17,1.080868186978865e-06
2680,17,1.0360717430824174e-06
2690,17,9.92172594084103e-07
2700,17,9.491751343165512e-07
2710,17,9.070836678527272e-07
2720,17,8.659024080750967e-07
2730,17,8.256354772538533e-07
2740,17,7.862869061342881e-07
2750,17,7.478606335332995e-07
2760,17,7.103605059451235e-07
2770,17,6.737902771562899e-07
2780,17,6.381536078698735e-07
2790,17,6.034540653390498e-07
2800,17,5.696951230100123e-07
2810,17,5.368801601742779e-07
2820,17,5.050124616304153e-07
2830,18,4.740952173552449e-07
2840,18,4.441315221845055e-07
2850,18,4.151243755030687e-07
2860,18,3.87076680944698e-07
2870,18,3.599912461013877e-07
2880,18,3.338707822423293e-07
2890,18,3.087179040425048e-07
2900,18,2.845351293209586e-07
2910,18,2.6132487878876346e-07
2920,18,2.3908947580670196e-07
2930,18,2.1783114615270163e-07
2940,18,1.97552017799032e-07
2950,18,1.7825412069929048e-07
2960,18,1.599393865852017e-07
2970,18,1.4260964877325646e-07
2980,18,1.2626664198118864e-07
2990,19,1.1091200215433528e-07
3000,19,9.654726630187072e-08
3010,19,8.317387234295538e-08
3020,19,7.079315896279748e-08
3030,19,5.940636547865142e-08
3040,19,4.9014631715759156e-08
3050,19,3.961899789325596e-08
3060,19,3.122040452004038e-08
3070,19,2.3819692300629528e-08
3080,19,1.7417602051006398e-08
3090,19,1.2014774624461434e-08
3100,19,7.6117508474427e-09
3110,19,4.20897146542032e-09
3120,19,1.8067770987673095e-09
3130,19,4.0540820866019626e-10
